{
    "mods": [
        {
            "name": "base",
            "enabled": "true"
        },
        {
            "name": "color-picker",
            "enabled": "true"
        },
        {
            "name": "TogglePeacefulMode",
            "enabled": "true"
        },
        {
            "name": "armor-pockets",
            "enabled": "true"
        },
        {
            "name": "AsphaltRoads",
            "enabled": "true"
        },
        {
            "name": "concrete-edges",
            "enabled": "true"
        },
        {
            "name": "DrzFactorioServer",
            "enabled": "true"
        },
        {
            "name": "Enhanced_Map_Colors",
            "enabled": "true"
        },
        {
            "name": "EvoGUI",
            "enabled": "true"
        },
        {
            "name": "Flow Control",
            "enabled": "true"
        },
        {
            "name": "Foreman",
            "enabled": "true"
        },
        {
            "name": "LateUpgrades",
            "enabled": "true"
        },
        {
            "name": "ModPack",
            "enabled": "true"
        },
        {
            "name": "player-color",
            "enabled": "true"
        },
        {
            "name": "RailTanker",
            "enabled": "true"
        },
        {
            "name": "ResourcesRemover",
            "enabled": "true"
        },
        {
            "name": "ShuttleTrain",
            "enabled": "true"
        },
        {
            "name": "SmartDisplay",
            "enabled": "true"
        },
        {
            "name": "Squeak Through",
            "enabled": "true"
        },
        {
            "name": "Train_Ore_Color",
            "enabled": "true"
        },
        {
            "name": "UPS-up",
            "enabled": "true"
        },
        {
            "name": "Vehicle Wagon",
            "enabled": "true"
        },
        {
            "name": "LogisticTrainNetwork",
            "enabled": "true"
        }
    ]
}
